<?xml version="1.0" encoding="UTF-8"?>
<project-private xmlns="http://www.netbeans.org/ns/project-private/1">
    <editor-bookmarks xmlns="http://www.netbeans.org/ns/editor-bookmarks/2" lastBookmarkId="0"/>
    <open-files xmlns="http://www.netbeans.org/ns/projectui-open-files/2">
        <group>
            <file>file:/C:/Users/darsh/Documents/AED/shah_darshak_001669665/Project_Proposal/FinalProject/src/UserInterface/DoctorOrganization/DoctorWorkAreaPanel.java</file>
            <file>file:/C:/Users/darsh/Documents/AED/shah_darshak_001669665/Project_Proposal/FinalProject/src/Business/Roles/SystemAdminRole.java</file>
            <file>file:/C:/Users/darsh/Documents/AED/shah_darshak_001669665/Project_Proposal/FinalProject/src/Business/Roles/PersonRole.java</file>
            <file>file:/C:/Users/darsh/Documents/AED/shah_darshak_001669665/Project_Proposal/FinalProject/src/Business/Roles/AdminRole.java</file>
            <file>file:/C:/Users/darsh/Documents/AED/shah_darshak_001669665/Project_Proposal/FinalProject/src/Business/Roles/DoctorRole.java</file>
            <file>file:/C:/Users/darsh/Documents/AED/shah_darshak_001669665/Project_Proposal/FinalProject/src/Business/Roles/Roles.java</file>
        </group>
    </open-files>
</project-private>
