<?xml version="1.0" encoding="UTF-8"?>
<project-private xmlns="http://www.netbeans.org/ns/project-private/1">
    <editor-bookmarks xmlns="http://www.netbeans.org/ns/editor-bookmarks/2" lastBookmarkId="0"/>
    <open-files xmlns="http://www.netbeans.org/ns/projectui-open-files/2">
        <group>
            <file>file:/C:/Users/darsh/Documents/AED/AED_Final_Project_Darshak/AED_Project/FinalProjectMain/SafetyRule/src/userInterface/hospital/ReportStepOneJPanel.java</file>
            <file>file:/C:/Users/darsh/Documents/AED/AED_Final_Project_Darshak/AED_Project/FinalProjectMain/SafetyRule/src/userInterface/enterpriseAdmin/ManageOrgJPanel.java</file>
            <file>file:/C:/Users/darsh/Documents/AED/AED_Final_Project_Darshak/AED_Project/FinalProjectMain/SafetyRule/src/business/DB4OUtil/DB4OUtil.java</file>
            <file>file:/C:/Users/darsh/Documents/AED/AED_Final_Project_Darshak/AED_Project/FinalProjectMain/SafetyRule/src/business/userAccount/UserAccount.java</file>
            <file>file:/C:/Users/darsh/Documents/AED/AED_Final_Project_Darshak/AED_Project/FinalProjectMain/SafetyRule/src/business/workQueue/WorkQueue.java</file>
            <file>file:/C:/Users/darsh/Documents/AED/AED_Final_Project_Darshak/AED_Project/FinalProjectMain/SafetyRule/src/business/workQueue/WorkRequest.java</file>
            <file>file:/C:/Users/darsh/Documents/AED/AED_Final_Project_Darshak/AED_Project/FinalProjectMain/SafetyRule/src/business/report/Report.java</file>
        </group>
    </open-files>
</project-private>
